INSERT INTO category(id, name, status) VALUES(1,'Тормозная система', 'ACTIVE');
INSERT INTO category(id, name, status) VALUES(2,'Двигатель и выхлоп', 'ACTIVE');
INSERT INTO category(id, name, status) VALUES(3,'Подвеска и рулевое управление', 'ACTIVE');
INSERT INTO category(id, name, status) VALUES(4,'Коробка передач', 'ACTIVE');
INSERT INTO category(id, name, status) VALUES(5,'Охлаждение и отопление', 'ACTIVE');
INSERT INTO category(id, name, status) VALUES(6,'Электрика и освещение', 'ACTIVE');
INSERT INTO category(id, name, status) VALUES(7,'Кузов и элементы', 'ACTIVE');

INSERT INTO subcategory(id, name, category_id, status) VALUES(1,'Тормозные элементы',1, 'ACTIVE');
INSERT INTO subcategory(id, name, category_id, status) VALUES(2,'Гидравлика тормозной системы',1, 'ACTIVE');
INSERT INTO subcategory(id, name, category_id, status) VALUES(3,'Электронные компоненты',1, 'ACTIVE');
INSERT INTO subcategory(id, name, category_id, status) VALUES(4,'Детали двигателя',2, 'ACTIVE');
INSERT INTO subcategory(id, name, category_id, status) VALUES(5,'Прокладки двигателя',2, 'ACTIVE');
INSERT INTO subcategory(id, name, category_id, status) VALUES(6,'Ремни, цепи и натяжители',2, 'ACTIVE');
INSERT INTO subcategory(id, name, category_id, status) VALUES(7,'Система выпуска',2, 'ACTIVE');
INSERT INTO subcategory(id, name, category_id, status) VALUES(8,'Топливная система и управление двигателем',2, 'ACTIVE');
INSERT INTO subcategory(id, name, category_id, status) VALUES(9,'Клапан системы рециркуляции ОГ (EGR)',2, 'ACTIVE');
INSERT INTO subcategory(id, name, category_id, status) VALUES(10,'Турбины и компрессоры',2, 'ACTIVE');
INSERT INTO subcategory(id, name, category_id, status) VALUES(11,'Фильтра',2, 'ACTIVE');
INSERT INTO subcategory(id, name, category_id, status) VALUES(12,'Подвеска',3, 'ACTIVE');
INSERT INTO subcategory(id, name, category_id, status) VALUES(13,'Рулевое управление',3, 'ACTIVE');
INSERT INTO subcategory(id, name, category_id, status) VALUES(14,'Запчасти трансмиссии',4, 'ACTIVE');
INSERT INTO subcategory(id, name, category_id, status) VALUES(15,'Сцепление',4, 'ACTIVE');
INSERT INTO subcategory(id, name, category_id, status) VALUES(16,'Охлаждение',5, 'ACTIVE');
INSERT INTO subcategory(id, name, category_id, status) VALUES(17,'Система кондиционирования',5, 'ACTIVE');
INSERT INTO subcategory(id, name, category_id, status) VALUES(18,'Система отопления',5, 'ACTIVE');
INSERT INTO subcategory(id, name, category_id, status) VALUES(19,'Зажигание',6, 'ACTIVE');
INSERT INTO subcategory(id, name, category_id, status) VALUES(20,'Освещение',6, 'ACTIVE');
INSERT INTO subcategory(id, name, category_id, status) VALUES(21,'Электрика',6, 'ACTIVE');
INSERT INTO subcategory(id, name, category_id, status) VALUES(22,'Датчик давления в шинах',6, 'ACTIVE');
INSERT INTO subcategory(id, name, category_id, status) VALUES(23,'Внутренние элементы',7, 'ACTIVE');
INSERT INTO subcategory(id, name, category_id, status) VALUES(24,'Наружные части',7, 'ACTIVE');
INSERT INTO subcategory(id, name, category_id, status) VALUES(25,'Система стеклоочистителя',7, 'ACTIVE');

INSERT INTO tgroup(id, name, subcategory_id, status) VALUES(2,'Ремкомплект направляющей суппорта',1,'ACTIVE');
INSERT INTO tgroup(id, name, subcategory_id, status) VALUES(3,'Ремкомплект барабанных колодок',1,'ACTIVE');
INSERT INTO tgroup(id, name, subcategory_id, status) VALUES(4,'Скобы тормозных колодок',1,'ACTIVE');
INSERT INTO tgroup(id, name, subcategory_id, status) VALUES(5,'Тормозной барабан',1,'ACTIVE');
INSERT INTO tgroup(id, name, subcategory_id, status) VALUES(6,'Тормозной поршень',1,'ACTIVE');
INSERT INTO tgroup(id, name, subcategory_id, status) VALUES(7,'Тормозные диски',1,'ACTIVE');
INSERT INTO tgroup(id, name, subcategory_id, status) VALUES(8,'Тормозные колодки',1,'ACTIVE');
INSERT INTO tgroup(id, name, subcategory_id, status) VALUES(9,'Тормозные колодки барабанные',1,'ACTIVE');
INSERT INTO tgroup(id, name, subcategory_id, status) VALUES(10,'Трос ручного тормоза',1,'ACTIVE');
INSERT INTO tgroup(id, name, subcategory_id, status) VALUES(11,'Вакуумный насос',2,'ACTIVE');
INSERT INTO tgroup(id, name, subcategory_id, status) VALUES(12,'Вакуумный усилитель тормозов',2,'ACTIVE');
INSERT INTO tgroup(id, name, subcategory_id, status) VALUES(13,'Главный тормозной цилиндр',2,'ACTIVE');
INSERT INTO tgroup(id, name, subcategory_id, status) VALUES(14,'Рабочий тормозной цилиндр',2,'ACTIVE');
INSERT INTO tgroup(id, name, subcategory_id, status) VALUES(15,'Распределитель тормозных усилий',2,'ACTIVE');
INSERT INTO tgroup(id, name, subcategory_id, status) VALUES(16,'Ремкомплект главного тормозного цилиндра',2,'ACTIVE');
INSERT INTO tgroup(id, name, subcategory_id, status) VALUES(17,'Ремкомплект тормозного суппорта',2,'ACTIVE');
INSERT INTO tgroup(id, name, subcategory_id, status) VALUES(18,'Ремкомплект тормозного цилиндра',2,'ACTIVE');
INSERT INTO tgroup(id, name, subcategory_id, status) VALUES(19,'Скоба тормозного суппорта',2,'ACTIVE');
INSERT INTO tgroup(id, name, subcategory_id, status) VALUES(20,'Тормозной суппорт',2,'ACTIVE');
INSERT INTO tgroup(id, name, subcategory_id, status) VALUES(21,'Тормозной шланг',2,'ACTIVE');
INSERT INTO tgroup(id, name, subcategory_id, status) VALUES(22,'Датчик АБС',3,'ACTIVE');
INSERT INTO tgroup(id, name, subcategory_id, status) VALUES(23,'Датчик износа тормозных колодок',3,'ACTIVE');
INSERT INTO tgroup(id, name, subcategory_id, status) VALUES(24,'Cальники клапанов',4,'ACTIVE');
INSERT INTO tgroup(id, name, subcategory_id, status) VALUES(25,'Болт ГБЦ',4,'ACTIVE');
INSERT INTO tgroup(id, name, subcategory_id, status) VALUES(26,'Воздушный патрубок',4,'ACTIVE');
INSERT INTO tgroup(id, name, subcategory_id, status) VALUES(27,'Гидрокомпенсаторы',4,'ACTIVE');
INSERT INTO tgroup(id, name, subcategory_id, status) VALUES(28,'Клапан впускной',4,'ACTIVE');
INSERT INTO tgroup(id, name, subcategory_id, status) VALUES(29,'Клапан выпускной',4,'ACTIVE');
INSERT INTO tgroup(id, name, subcategory_id, status) VALUES(30,'Комплект поршневых колец',4,'ACTIVE');
INSERT INTO tgroup(id, name, subcategory_id, status) VALUES(31,'Коренной вкладыш',4,'ACTIVE');
INSERT INTO tgroup(id, name, subcategory_id, status) VALUES(32,'Коромысло',4,'ACTIVE');
INSERT INTO tgroup(id, name, subcategory_id, status) VALUES(33,'Крышка масло заливной горловины',4,'ACTIVE');
INSERT INTO tgroup(id, name, subcategory_id, status) VALUES(34,'Масляный насос',4,'ACTIVE');
INSERT INTO tgroup(id, name, subcategory_id, status) VALUES(35,'Масляный поддон',4,'ACTIVE');
INSERT INTO tgroup(id, name, subcategory_id, status) VALUES(36,'Направляющая клапана',4,'ACTIVE');
INSERT INTO tgroup(id, name, subcategory_id, status) VALUES(37,'Патрубок вентиляции картера',4,'ACTIVE');
INSERT INTO tgroup(id, name, subcategory_id, status) VALUES(38,'Подушка двигателя',4,'ACTIVE');
INSERT INTO tgroup(id, name, subcategory_id, status) VALUES(39,'Полукольца коленвала',4,'ACTIVE');
INSERT INTO tgroup(id, name, subcategory_id, status) VALUES(40,'Поршень',4,'ACTIVE');
INSERT INTO tgroup(id, name, subcategory_id, status) VALUES(41,'Пробка поддона',4,'ACTIVE');
INSERT INTO tgroup(id, name, subcategory_id, status) VALUES(42,'Распредвал',4,'ACTIVE');
INSERT INTO tgroup(id, name, subcategory_id, status) VALUES(43,'Регулировочная шайба клапанов',4,'ACTIVE');
INSERT INTO tgroup(id, name, subcategory_id, status) VALUES(44,'Сальник коленвала',4,'ACTIVE');
INSERT INTO tgroup(id, name, subcategory_id, status) VALUES(45,'Сальник распредвала',4,'ACTIVE');
INSERT INTO tgroup(id, name, subcategory_id, status) VALUES(46,'Сухарь клапана',4,'ACTIVE');
INSERT INTO tgroup(id, name, subcategory_id, status) VALUES(47,'Цепь масляного насоса',4,'ACTIVE');
INSERT INTO tgroup(id, name, subcategory_id, status) VALUES(48,'Шатунный вкладыш',4,'ACTIVE');
INSERT INTO tgroup(id, name, subcategory_id, status) VALUES(49,'Шестерня коленвала',4,'ACTIVE');
INSERT INTO tgroup(id, name, subcategory_id, status) VALUES(50,'Шестерня распредвала',4,'ACTIVE');
INSERT INTO tgroup(id, name, subcategory_id, status) VALUES(51,'Щуп масляный',4,'ACTIVE');
INSERT INTO tgroup(id, name, subcategory_id, status) VALUES(52,'Комплект прокладок двигателя',5,'ACTIVE');
INSERT INTO tgroup(id, name, subcategory_id, status) VALUES(53,'Прокладка впускного коллектора',5,'ACTIVE');
INSERT INTO tgroup(id, name, subcategory_id, status) VALUES(54,'Прокладка выпускного коллектора',5,'ACTIVE');
INSERT INTO tgroup(id, name, subcategory_id, status) VALUES(55,'Прокладка ГБЦ',5,'ACTIVE');
INSERT INTO tgroup(id, name, subcategory_id, status) VALUES(56,'Прокладка клапанной крышки',5,'ACTIVE');
INSERT INTO tgroup(id, name, subcategory_id, status) VALUES(57,'Прокладка масляного поддона',5,'ACTIVE');
INSERT INTO tgroup(id, name, subcategory_id, status) VALUES(58,'Клиновой ремень',6,'ACTIVE');
INSERT INTO tgroup(id, name, subcategory_id, status) VALUES(59,'Комплект ГРМ',6,'ACTIVE');
INSERT INTO tgroup(id, name, subcategory_id, status) VALUES(60,'Натяжитель ремня генератора',6,'ACTIVE');
INSERT INTO tgroup(id, name, subcategory_id, status) VALUES(61,'Натяжитель ремня ГРМ',6,'ACTIVE');
INSERT INTO tgroup(id, name, subcategory_id, status) VALUES(62,'Натяжитель цепи ГРМ',6,'ACTIVE');
INSERT INTO tgroup(id, name, subcategory_id, status) VALUES(63,'Натяжной ролик ремня ГРМ',6,'ACTIVE');
INSERT INTO tgroup(id, name, subcategory_id, status) VALUES(64,'Ремень генератора',6,'ACTIVE');
INSERT INTO tgroup(id, name, subcategory_id, status) VALUES(65,'Ремень ГРМ',6,'ACTIVE');
INSERT INTO tgroup(id, name, subcategory_id, status) VALUES(66,'Ролик ремня генератора',6,'ACTIVE');
INSERT INTO tgroup(id, name, subcategory_id, status) VALUES(67,'Ролик ремня ГРМ',6,'ACTIVE');
INSERT INTO tgroup(id, name, subcategory_id, status) VALUES(68,'Успокоитель цепи ГРМ',6,'ACTIVE');
INSERT INTO tgroup(id, name, subcategory_id, status) VALUES(69,'Цепь ГРМ',6,'ACTIVE');
INSERT INTO tgroup(id, name, subcategory_id, status) VALUES(70,'Шкив коленвала',6,'ACTIVE');
INSERT INTO tgroup(id, name, subcategory_id, status) VALUES(71,'Глушитель выхлопных газов',7,'ACTIVE');
INSERT INTO tgroup(id, name, subcategory_id, status) VALUES(72,'Гофра глушителя',7,'ACTIVE');
INSERT INTO tgroup(id, name, subcategory_id, status) VALUES(73,'Катализатор',7,'ACTIVE');
INSERT INTO tgroup(id, name, subcategory_id, status) VALUES(74,'Крепление глушителя',7,'ACTIVE');
INSERT INTO tgroup(id, name, subcategory_id, status) VALUES(75,'Прокладка глушителя',7,'ACTIVE');
INSERT INTO tgroup(id, name, subcategory_id, status) VALUES(76,'Хомуты глушителя',7,'ACTIVE');
INSERT INTO tgroup(id, name, subcategory_id, status) VALUES(77,'Датчик давления масла',8,'ACTIVE');
INSERT INTO tgroup(id, name, subcategory_id, status) VALUES(78,'Датчик положения дроссельной заслонки',8,'ACTIVE');
INSERT INTO tgroup(id, name, subcategory_id, status) VALUES(79,'Датчик положения коленвала',8,'ACTIVE');
INSERT INTO tgroup(id, name, subcategory_id, status) VALUES(80,'Лямбда-зонд',9,'ACTIVE');
INSERT INTO tgroup(id, name, subcategory_id, status) VALUES(81,'Насос высокого давления',9,'ACTIVE');
INSERT INTO tgroup(id, name, subcategory_id, status) VALUES(82,'Прокладка под форсунку',9,'ACTIVE');
INSERT INTO tgroup(id, name, subcategory_id, status) VALUES(83,'Расходомер воздуха',9,'ACTIVE');
INSERT INTO tgroup(id, name, subcategory_id, status) VALUES(84,'Топливный насос',9,'ACTIVE');
INSERT INTO tgroup(id, name, subcategory_id, status) VALUES(85,'Форсунка',9,'ACTIVE');
INSERT INTO tgroup(id, name, subcategory_id, status) VALUES(86,'Интеркулер',10,'ACTIVE');
INSERT INTO tgroup(id, name, subcategory_id, status) VALUES(87,'Прокладка турбины',10,'ACTIVE');
INSERT INTO tgroup(id, name, subcategory_id, status) VALUES(88,'Турбина',10,'ACTIVE');
INSERT INTO tgroup(id, name, subcategory_id, status) VALUES(89,'Воздушный фильтр',11,'ACTIVE');
INSERT INTO tgroup(id, name, subcategory_id, status) VALUES(90,'Масляный фильтр',11,'ACTIVE');
INSERT INTO tgroup(id, name, subcategory_id, status) VALUES(91,'Топливный фильтр',11,'ACTIVE');
INSERT INTO tgroup(id, name, subcategory_id, status) VALUES(92,'Фильтр салона',11,'ACTIVE');
INSERT INTO tgroup(id, name, subcategory_id, status) VALUES(93,'Амортизаторы',12,'ACTIVE');
INSERT INTO tgroup(id, name, subcategory_id, status) VALUES(94,'Болт крепления колеса',12,'ACTIVE');
INSERT INTO tgroup(id, name, subcategory_id, status) VALUES(95,'Втулка стабилизатора',12,'ACTIVE');
INSERT INTO tgroup(id, name, subcategory_id, status) VALUES(96,'Комплект пыльника и отбойника амортизатора',12,'ACTIVE');
INSERT INTO tgroup(id, name, subcategory_id, status) VALUES(97,'Опора амортизатора',12,'ACTIVE');
INSERT INTO tgroup(id, name, subcategory_id, status) VALUES(98,'Отбойник',12,'ACTIVE');
INSERT INTO tgroup(id, name, subcategory_id, status) VALUES(99,'Подшипник ступицы',12,'ACTIVE');
INSERT INTO tgroup(id, name, subcategory_id, status) VALUES(100,'Пружина подвески',12,'ACTIVE');
INSERT INTO tgroup(id, name, subcategory_id, status) VALUES(101,'Пыльник амортизатора',12,'ACTIVE');
INSERT INTO tgroup(id, name, subcategory_id, status) VALUES(102,'Рычаг подвески',12,'ACTIVE');
INSERT INTO tgroup(id, name, subcategory_id, status) VALUES(103,'Сайлентблок задней балки',12,'ACTIVE');
INSERT INTO tgroup(id, name, subcategory_id, status) VALUES(104,'Сайлентблок рычага',12,'ACTIVE');
INSERT INTO tgroup(id, name, subcategory_id, status) VALUES(105,'Стойка стабилизатора',12,'ACTIVE');
INSERT INTO tgroup(id, name, subcategory_id, status) VALUES(106,'Ступица',12,'ACTIVE');
INSERT INTO tgroup(id, name, subcategory_id, status) VALUES(107,'Шаровая опора',12,'ACTIVE');
INSERT INTO tgroup(id, name, subcategory_id, status) VALUES(108,'Наконечник рулевой тяги',13,'ACTIVE');
INSERT INTO tgroup(id, name, subcategory_id, status) VALUES(109,'Насос гидроусилителя руля',13,'ACTIVE');
INSERT INTO tgroup(id, name, subcategory_id, status) VALUES(110,'Пыльник рулевой рейки',13,'ACTIVE');
INSERT INTO tgroup(id, name, subcategory_id, status) VALUES(111,'Рулевая рейка',13,'ACTIVE');
INSERT INTO tgroup(id, name, subcategory_id, status) VALUES(112,'Рулевая тяга',13,'ACTIVE');
INSERT INTO tgroup(id, name, subcategory_id, status) VALUES(113,'Подушка коробки передач (АКПП)',14,'ACTIVE');
INSERT INTO tgroup(id, name, subcategory_id, status) VALUES(114,'Подушка коробки передач (МКПП)',14,'ACTIVE');
INSERT INTO tgroup(id, name, subcategory_id, status) VALUES(115,'Полуось в сборе',14,'ACTIVE');
INSERT INTO tgroup(id, name, subcategory_id, status) VALUES(116,'Прокладка поддона АКПП',14,'ACTIVE');
INSERT INTO tgroup(id, name, subcategory_id, status) VALUES(117,'Пыльник шруса',14,'ACTIVE');
INSERT INTO tgroup(id, name, subcategory_id, status) VALUES(118,'Сальник полуоси',14,'ACTIVE');
INSERT INTO tgroup(id, name, subcategory_id, status) VALUES(119,'Фильтр масляный АКПП',14,'ACTIVE');
INSERT INTO tgroup(id, name, subcategory_id, status) VALUES(120,'ШРУС',14,'ACTIVE');
INSERT INTO tgroup(id, name, subcategory_id, status) VALUES(121,'Выжимной подшипник',15,'ACTIVE');
INSERT INTO tgroup(id, name, subcategory_id, status) VALUES(122,'Главный цилиндр сцепления',15,'ACTIVE');
INSERT INTO tgroup(id, name, subcategory_id, status) VALUES(123,'Диск сцепления',15,'ACTIVE');
INSERT INTO tgroup(id, name, subcategory_id, status) VALUES(124,'Комплект сцепления',15,'ACTIVE');
INSERT INTO tgroup(id, name, subcategory_id, status) VALUES(125,'Корзина сцепления',15,'ACTIVE');
INSERT INTO tgroup(id, name, subcategory_id, status) VALUES(126,'Маховик',15,'ACTIVE');
INSERT INTO tgroup(id, name, subcategory_id, status) VALUES(127,'Рабочий цилиндр сцепления',15,'ACTIVE');
INSERT INTO tgroup(id, name, subcategory_id, status) VALUES(128,'Вентилятор системы охлаждения двигателя',16,'ACTIVE');
INSERT INTO tgroup(id, name, subcategory_id, status) VALUES(129,'Крышка радиатора',16,'ACTIVE');
INSERT INTO tgroup(id, name, subcategory_id, status) VALUES(130,'Крышка расширительного бачка',16,'ACTIVE');
INSERT INTO tgroup(id, name, subcategory_id, status) VALUES(131,'Помпа (водяной насос)',16,'ACTIVE');
INSERT INTO tgroup(id, name, subcategory_id, status) VALUES(132,'Радиатор охлаждения двигателя',16,'ACTIVE');
INSERT INTO tgroup(id, name, subcategory_id, status) VALUES(133,'Расширительный бачок',16,'ACTIVE');
INSERT INTO tgroup(id, name, subcategory_id, status) VALUES(134,'Термостат',16,'ACTIVE');
INSERT INTO tgroup(id, name, subcategory_id, status) VALUES(135,'Испаритель',17,'ACTIVE');
INSERT INTO tgroup(id, name, subcategory_id, status) VALUES(136,'Компрессор кондиционера',17,'ACTIVE');
INSERT INTO tgroup(id, name, subcategory_id, status) VALUES(137,'Осушитель кондиционера',17,'ACTIVE');
INSERT INTO tgroup(id, name, subcategory_id, status) VALUES(138,'Пневматический клапан кондиционера',17,'ACTIVE');
INSERT INTO tgroup(id, name, subcategory_id, status) VALUES(139,'Радиатор кондиционера',17,'ACTIVE');
INSERT INTO tgroup(id, name, subcategory_id, status) VALUES(140,'Расширительный клапан кондиционера',17,'ACTIVE');
INSERT INTO tgroup(id, name, subcategory_id, status) VALUES(141,'Вентилятор салона',18,'ACTIVE');
INSERT INTO tgroup(id, name, subcategory_id, status) VALUES(142,'Радиатор печки',18,'ACTIVE');
INSERT INTO tgroup(id, name, subcategory_id, status) VALUES(143,'Катушка зажигания',19,'ACTIVE');
INSERT INTO tgroup(id, name, subcategory_id, status) VALUES(144,'Свеча накаливания',19,'ACTIVE');
INSERT INTO tgroup(id, name, subcategory_id, status) VALUES(145,'Свеча зажигания',19,'ACTIVE');
INSERT INTO tgroup(id, name, subcategory_id, status) VALUES(146,'Выключатель стоп-сигнала',20,'ACTIVE');
INSERT INTO tgroup(id, name, subcategory_id, status) VALUES(147,'Задний фонарь',20,'ACTIVE');
INSERT INTO tgroup(id, name, subcategory_id, status) VALUES(148,'Лампа ближнего света',20,'ACTIVE');
INSERT INTO tgroup(id, name, subcategory_id, status) VALUES(149,'Основная фара',20,'ACTIVE');
INSERT INTO tgroup(id, name, subcategory_id, status) VALUES(150,'Противотуманная фара',20,'ACTIVE');
INSERT INTO tgroup(id, name, subcategory_id, status) VALUES(151,'Указатель поворотов',20,'ACTIVE');
INSERT INTO tgroup(id, name, subcategory_id, status) VALUES(152,'Аккумулятор',21,'ACTIVE');
INSERT INTO tgroup(id, name, subcategory_id, status) VALUES(153,'Генератор',21,'ACTIVE');
INSERT INTO tgroup(id, name, subcategory_id, status) VALUES(154,'Датчик включения вентилятора',21,'ACTIVE');
INSERT INTO tgroup(id, name, subcategory_id, status) VALUES(155,'Датчик скорости',22,'ACTIVE');
INSERT INTO tgroup(id, name, subcategory_id, status) VALUES(156,'Датчик температуры охлаждающей жидкости',22,'ACTIVE');
INSERT INTO tgroup(id, name, subcategory_id, status) VALUES(157,'Кнопка стеклоподьемника',22,'ACTIVE');
INSERT INTO tgroup(id, name, subcategory_id, status) VALUES(158,'Мост (выпрямитель) генератора',22,'ACTIVE');
INSERT INTO tgroup(id, name, subcategory_id, status) VALUES(159,'Муфта генератора',22,'ACTIVE');
INSERT INTO tgroup(id, name, subcategory_id, status) VALUES(160,'Стартер',22,'ACTIVE');
INSERT INTO tgroup(id, name, subcategory_id, status) VALUES(161,'Амортизатор багажника и капота',23,'ACTIVE');
INSERT INTO tgroup(id, name, subcategory_id, status) VALUES(162,'Замок двери',23,'ACTIVE');
INSERT INTO tgroup(id, name, subcategory_id, status) VALUES(163,'Стеклоподъемник',23,'ACTIVE');
INSERT INTO tgroup(id, name, subcategory_id, status) VALUES(164,'Бампер передний / задний',24,'ACTIVE');
INSERT INTO tgroup(id, name, subcategory_id, status) VALUES(165,'Защита двигателя',24,'ACTIVE');
INSERT INTO tgroup(id, name, subcategory_id, status) VALUES(166,'Капот',24,'ACTIVE');
INSERT INTO tgroup(id, name, subcategory_id, status) VALUES(167,'Крыло переднее',24,'ACTIVE');
INSERT INTO tgroup(id, name, subcategory_id, status) VALUES(168,'Наружное зеркало',24,'ACTIVE');
INSERT INTO tgroup(id, name, subcategory_id, status) VALUES(169,'Панель передняя',24,'ACTIVE');
INSERT INTO tgroup(id, name, subcategory_id, status) VALUES(170,'Петля капота',24,'ACTIVE');
INSERT INTO tgroup(id, name, subcategory_id, status) VALUES(171,'Подкрылок',24,'ACTIVE');
INSERT INTO tgroup(id, name, subcategory_id, status) VALUES(172,'Решетка радиатора',24,'ACTIVE');
INSERT INTO tgroup(id, name, subcategory_id, status) VALUES(173,'Стекло лобовое',24,'ACTIVE');
INSERT INTO tgroup(id, name, subcategory_id, status) VALUES(174,'Усилитель бампера',24,'ACTIVE');
INSERT INTO tgroup(id, name, subcategory_id, status) VALUES(175,'Двигатель стеклоочистителя',25,'ACTIVE');
INSERT INTO tgroup(id, name, subcategory_id, status) VALUES(176,'Насос омывателя',25,'ACTIVE');
INSERT INTO tgroup(id, name, subcategory_id, status) VALUES(177,'Щетка стеклоочистителя',25,'ACTIVE');